GBD.term,total_attention_score,weighted_nhits,weighted_attention_score_impact_factor,weighted_n,nhit
HIV/AIDS - Drug-susceptible Tuberculosis,0,0,0,0,0
HIV/AIDS - Multidrug-resistant Tuberculosis without extensive drug resistance,0,0,0,0,0
HIV/AIDS - Extensively drug-resistant Tuberculosis,0,0,0,0,0
HIV/AIDS resulting in other diseases,2631,17,13.5549169859515,2553.09961685824,17
Syphilis,0,0,0,0,0
Chlamydial infection,1740,3,2.30491698595147,61.5702426564496,6
Gonococcal infection,0,0,0,0,0
Trichomoniasis,0,0,0,0,0
Genital herpes,42862,0.00117508813160987,1.13674816666455,47.6508162810971,1
Other sexually transmitted infections,33463,0.0599986175433746,1.09872932276336,55.974656895611,2
Latent tuberculosis infection,17450,0.0560747663551402,4.61682242990654,163.084112149533,6
Drug-susceptible tuberculosis,396,1.54166666666667,28.0833333333333,159.708333333333,6
Multidrug-resistant tuberculosis without extensive drug resistance,0,0,0,0,0
Extensively drug-resistant tuberculosis,396,1.54166666666667,28.0833333333333,159.708333333333,6
Lower respiratory infections,1399729,2.31697503857107,27.0319692344712,76606.5821516658,160
Upper respiratory infections,952707,2.06810094565094,10.2516285711584,71692.1864933331,48
Otitis media,243464,32.0906710690364,61.4117086464747,7774.17687834981,40
COVID-19,8810151,2647.38333333333,4285.88666666667,4648882.2,4725
Diarrheal diseases,346185,14.6048803321914,56.3517266735371,16675.1365069782,36
Typhoid fever,16406,1.0046511627907,43.4766488413547,1214.45883182025,2
Paratyphoid fever,0,0,0,0,0
Invasive Non-typhoidal Salmonella (iNTS),351,2,0.2,351,2
Other intestinal infectious diseases,7197,20,1.6,7197,20
Malaria,37296,154,256.313462369504,34610.1528690078,158
Chagas disease,3571,15.0714285714286,20.7857142857143,2903.07142857143,32
Visceral leishmaniasis,32195,1,43.2444444444444,3958,1
Cutaneous and mucocutaneous leishmaniasis,2066,14,25,2066,14
African trypanosomiasis,0,0,0,0,0
Schistosomiasis,0,0,0,0,0
Cysticercosis,0,0,0,0,0
Cystic echinococcosis,0,0,0,0,0
Lymphatic filariasis,2903,2.66666666666667,0.8,967.666666666667,8
Onchocerciasis,0,0,0,0,0
Trachoma,14015,5.03846153846154,9.57521870652712,426.269083875626,6
Dengue,3745,4,43,3745,4
Yellow fever,0,0,0,0,0
Rabies,0,0,0,0,0
Ascariasis,0,0,0,0,0
Trichuriasis,0,0,0,0,0
Hookworm disease,0,0,0,0,0
Food-borne trematodiases,0,0,0,0,0
Leprosy,31310,101.5,287.55,29830,111
Ebola,0,0,0,0,0
Zika virus,29,1,7.4,29,1
Guinea worm disease,0,0,0,0,0
Other neglected tropical diseases,1027,1.5,14.8,598.5,2
Meningitis,19128,4.39969566140946,2.56283672230535,1356.08135771091,29
Encephalitis,1959,2.00117508813161,7.72171725553552,275.611059593061,3
Diphtheria,13513,0,0.4,62.8511627906977,0
Pertussis,20377,0,3.70108222628314,123.998970695028,0
Tetanus,1852,0.2,2.76,370.4,1
Measles,38528,0,0.469306525348557,47.3433620670048,0
Varicella and herpes zoster,25468,0.0384615384615385,1.02530116941882,377.0252766841,1
Acute hepatitis A,3824,0,1.11152018326057,21.3029025732139,0
Acute hepatitis B,63568,17.0044113340863,118.664386120785,38384.0779038616,28
Acute hepatitis C,168219,13.5406719989877,117.837273301431,3449.19991578647,35
Acute hepatitis E,7574,12.5,4.06168224299065,2930.80841121495,25
Other unspecified infectious diseases,1511186,0.0102414998951479,13.9688129409979,35147.6859045075,8
Maternal hemorrhage,44473,0.00117508813160987,1.52222547541451,404.104992197608,1
Maternal sepsis and other maternal infections,418155,20.4546038408325,96.6824362421047,17914.1203009293,65
Maternal hypertensive disorders,310169,75.8225256148597,186.264024255549,74859.1760545603,164
Maternal obstructed labor and uterine rupture,89477,0,1.24621005861348,156.589311234763,0
Maternal abortion and miscarriage,183305,0.00117508813160987,2.37607544476281,1348.05265712124,1
Ectopic pregnancy,22931,2.05380666707898,11.8457313131746,7472.68584439573,5
Indirect maternal deaths,0,0,0,0,0
Late maternal deaths,0,0,0,0,0
Maternal deaths aggravated by HIV/AIDS,0,0,0,0,0
Other direct maternal disorders,115314,57.2921052631579,122.642410241955,25550.8086049705,127
Neonatal preterm birth,58128,39.4263157894737,48.2219298245614,19541.9719298246,115
Neonatal encephalopathy due to birth asphyxia and trauma,60501,23.0060294570637,15.5061882809834,3850.09585374327,30
Neonatal sepsis and other neonatal infections,375,35,15.8,375,35
Hemolytic disease and other neonatal jaundice,8738,1.33333333333333,0.2,2912.66666666667,4
Other neonatal disorders,12548,58,20.4766488413547,601.333333333333,58
Protein-energy malnutrition,682901,5.51034940005822,16.8256050614708,140489.693399198,34
Iodine deficiency,209,0,0.157618213660245,0.366024518388792,0
Vitamin A deficiency,79263,2,7.12505764163373,10858.4184576746,2
Dietary iron deficiency,941153,2.09426741633094,6.78601197205875,11993.9740882976,50
Other nutritional deficiencies,434505,3.09774833946041,12.2920914831577,806.809838428257,73
Lip and oral cavity cancer,23758,24.7345084214649,96.2044145148773,13192.1373630832,52
Nasopharynx cancer,30002,72.0011750881316,105.010621152111,29079.4479048074,73
Other pharynx cancer,21803,21.5047773607292,70.1606790581725,3350.96213674405,78
Esophageal cancer,2005883,69.916223218296,461.233505956382,214872.955527692,221
Stomach cancer,217340,72.577611596607,118.120276786619,20163.5641153505,138
Colon and rectum cancer,6620456,1227.86008567126,1672.38330390696,1550403.53432378,2381
Liver cancer due to hepatitis B,428,0.5,1.95,107,2
Liver cancer due to hepatitis C,428,0.5,1.95,107,2
Liver cancer due to alcohol use,42401,71.0606035541662,83.5668280826065,3389.47062145437,126
Liver cancer due to NASH,0,0,0,0,0
Hepatoblastoma,234564,53.4276556776557,428.105040214935,59409.4960212202,108
Liver cancer due to other causes,575743,57.5735550122982,445.945799536478,78840.7753042938,185
Gallbladder and biliary tract cancer,305533,11.3770745509876,79.7040181683556,20527.2783688813,64
Pancreatic cancer,692357,165.561191977077,393.519052097745,131467.558168228,306
Larynx cancer,7346,0.00279321110895615,0.671150912493448,9.76563102062643,3
"Tracheal, bronchus, and lung cancer",887565,75.7277493725362,35.042505618128,146440.218210211,275
Malignant skin melanoma,1267752,255.162879861386,404.671299657329,379012.242467053,642
Non-melanoma skin cancer (squamous-cell carcinoma),42960,54.5,4.7,34756.5,70
Non-melanoma skin cancer (basal-cell carcinoma),975723.945,409.78219643652,186.411782999392,267653.847120737,947
Soft tissue and other extraosseous sarcomas,17227,0.00882266817260486,0.807979952733989,15.1267175623907,10
Malignant neoplasm of bone and articular cartilage,6647,0.00441133408630243,0.473204611006055,5.81035734816953,5
Breast cancer,11638842,1738.29679228611,1729.63895989069,2445071.23794585,3112
Cervical cancer,294515,94.6177785055838,170.65111548171,45690.9619179613,282
Uterine cancer,2950076,27.9866425192512,45.7552581886856,276889.387568668,122
Ovarian cancer,3680608,288.841161365074,430.59067530602,662809.05404842,824
Prostate cancer,3224612,2965.52144745273,1776.6732071287,1605209.16301891,4156
Testicular cancer,19045,41.8,222.423742010201,10615.1340323076,57
Kidney cancer,55983,0.511249852638624,2.87382816419869,361.264136879097,23
Bladder cancer,191817,60.5695022798231,346.370892790295,47249.2246399984,162
Brain and central nervous system cancer,66829,59.6823278533916,192.846436407458,26672.6007508974,122
Retinoblastoma,910,0,0.0922197266096701,0.768975510795537,0
Other eye cancers,12770,30.75,16.603908038298,4821.26486295668,60
Neuroblastoma and other peripheral nervous cell tumors,30434,111,355.9,21673,119
Thyroid cancer,1378089,71.0469286656544,260.206986253243,97088.530261971,258
Mesothelioma,1850,0,15.6549169859515,1640.26819923372,0
Hodgkin lymphoma,59888,89.3184234858992,118.411552284094,31959.2752037608,152
Burkitt lymphoma,800,3,18.1,800,3
Other non-Hodgkin lymphoma,112245,25.6345084214649,221.599173847537,22310.9044976673,62
Multiple myeloma,116079,153.215553266588,244.532707372435,61735.8292596834,229
Acute lymphoid leukemia,399903,146.529386796469,441.323838692061,68290.8503591225,289
Chronic lymphoid leukemia,104480,143.003667417808,190.192294768326,31890.5046440757,292
Acute myeloid leukemia,25037,1754.50801360668,121.443434511071,17350.2869446884,1764
Chronic myeloid leukemia,6001,2.00683851855232,24.0732046110061,674.737712585749,10
Other leukemia,19854,0.0125019489730338,0.411542164539901,17.357820056592,15
Other malignant neoplasms,263098,0.0211706007400393,4.98696845075701,264.356092565429,23
"Myelodysplastic, myeloproliferative, and other hematopoietic neoplasms",42292,57.0103584613927,137.180350293923,6008.67167470162,69
Benign and in situ intestinal neoplasms,602591,0.0670750953570709,3.22651022737977,556.043914121436,82
Benign and in situ cervical and uterine neoplasms,57129,4.01034940005821,63.198416096768,4433.27881183804,10
Other benign and in situ neoplasms,407507,79.2960840075657,185.951266898907,36000.9204971881,146
Rheumatic heart disease,45478,17.0204395364679,100.087955881439,3570.73164492381,29
Ischemic heart disease,679417,1.10680561926986,10.7984067707502,6350.72854324768,193
Ischemic stroke,3614139,402.650166025497,812.319753998268,2304675.39561131,914
Intracerebral hemorrhage,101424,21.3161999707642,96.5029608444316,8552.94131624197,93
Subarachnoid hemorrhage,61874,0.151947661926605,13.9333091490561,735.910873005318,23
Hypertensive heart disease,315274,0.0128679756159706,0.823861303712974,278.766776676611,15
Non-rheumatic calcific aortic valve disease,171949,35.0157381949277,169.853778438818,45115.2111601563,89
Non-rheumatic degenerative mitral valve disease,12959,28.5,91.6558441558442,8178.70173160173,39
Other non-rheumatic valve diseases,25730,0.00845664152966812,1.00996737753835,35.4408427219274,10
Myocarditis,1137,2.00117508813161,6.21793295566819,20.6876850818191,5
Alcoholic cardiomyopathy,193862,0.618770354219663,13.4762404957313,1540.52908795649,56
Other cardiomyopathy,5194,5,29.65,2645,5
Pulmonary Arterial Hypertension,23944,14.0019841496203,137.253643909692,3785.8226536069,16
Atrial fibrillation and flutter,4723230,2195.57162314714,1075.53188657306,2134127.91815377,3196
Aortic aneurysm,308755,210.462747198657,324.287107421654,106007.851394147,370
Lower extremity peripheral arterial disease,4965064,115.06238464378,84.5675655716832,606307.692976867,271
Endocarditis,14337,0.00441133408630243,10.6913421253894,235.428217930386,5
Other cardiovascular and circulatory diseases,2543944,107.448494298532,163.121761101321,129825.179796288,566
Chronic obstructive pulmonary disease,4269845,841.49247586553,529.914567880839,893204.796440473,1285
Silicosis,0,0,0,0,0
Asbestosis,0,0,0,0,0
Coal workers pneumoconiosis,0,0,0,0,0
Other pneumoconiosis,6900,1.5,4.19870525418577,354.128277568534,3
Asthma,11157417,1639.35314018932,1949.71804319091,1899797.32807721,4055
Interstitial lung disease and pulmonary sarcoidosis,331302,404.460484469245,802.510825400399,125251.950186628,488
Other chronic respiratory diseases,2473165,8.3925466211138,8.29882603266838,39196.1334299962,316
Cirrhosis and other chronic liver diseases,1250295,472.480598938838,945.981651609664,955306.007026308,718
Chronic hepatitis B including cirrhosis,101779,53.515697809288,186.106399261665,53518.327854077,70
Chronic hepatitis C including cirrhosis,233998,45.6036749747431,526.386904655971,27835.5103512883,78
Cirrhosis due to alcohol,293575,51.5127571840399,250.743041520184,41731.5547774897,134
Nonalcoholic fatty liver disease including cirrhosis,980190,367.260432802894,413.982970416596,907007.116362646,525
Cirrhosis due to other causes,282027,33.5127571840399,168.776374853518,33084.2214441564,114
Peptic ulcer disease,2104180,62.9970018566866,195.889048429784,239841.792219706,316
Gastritis and duodenitis,682195,7.67238205133609,11.7288170475842,9348.16258584495,33
Gastroesophageal reflux disease,4883358,107.37745965858,71.7923505937615,586104.673453236,511
Appendicitis,236344,23.1569002066047,54.9325849004869,17420.7259409919,41
Paralytic ileus and intestinal obstruction,133528,0.00757057183819531,2.32853808003156,151.965997600251,8
"Inguinal, femoral, and abdominal hernia",1432599,756.102589442161,113.215569142291,181608.692871353,2882
Ulcerative colitis,1572714,476.335451826625,780.993582755191,230577.330135891,1325
Crohn's disease,1546174,644.594815520776,820.781965951109,242589.80473065,1616
Vascular intestinal disorders,686250,0.116285198423021,5.47758879021593,1093.93058124202,69
Gallbladder and biliary diseases,191837,270.633679162179,99.8485831325773,41845.5549629112,307
Pancreatitis,113500,200.61622206226,174.002514619349,21894.6803190561,226
Other digestive diseases,1349370,7.67392185435166,33.9086601551536,62893.4833066965,130
Alzheimer's disease and other dementias,8388344,3761.25881332422,2856.73141264035,4144808.30279946,7585
Parkinson's disease,903072,637.493201571337,1054.17843969504,633060.446570369,775
Idiopathic epilepsy,1270021,60.8762397328871,172.53775403699,69282.8749278268,162
Multiple sclerosis,1722038,838.297788323848,906.439277664589,341848.42791078,1031
Motor neuron disease,221,0,0.0427860696517413,0.219900497512438,0
Migraine,3424292,440.123277165445,441.253635926473,853283.521239967,860
Tension-type headache,7673,0.00360227259762929,0.320584569451376,6.56102101584092,4
Other neurological disorders,1980,3.66666666666667,31.95,330,22
Schizophrenia,19637805,4102.68478892364,2017.51601179464,4624653.38471485,5598
Major depressive disorder,48330325,2597.03348644082,2763.68184356623,14255728.8017353,4325
Dysthymia,48637,0.00117508813160987,0.265667583499908,40.5201181155703,1
Bipolar disorder,9396436,631.811692887484,994.530953584713,2127347.78061857,1751
Anxiety disorders,5766693,233.347152928509,421.696169940814,1674700.22305573,507
Anorexia nervosa,12722206,76.9231601731602,270.155194805195,1906812.13398268,365
Bulimia nervosa,151,11.5,5,75.5,23
Autism spectrum disorders,7557231,510.40096395947,586.591726236557,1237139.55103483,1353
Attention-deficit/hyperactivity disorder,17082470,1080.57867967632,960.818025813992,3599575.69340362,2387
Conduct disorder,16844,48.0011750881316,46.2234478568902,2834.86009320845,74
Idiopathic developmental intellectual disability,1713,0.00117508813160987,0.340383313336942,2.7383936895092,1
Other mental disorders,314463,254.546629633586,15.8682646026839,3114.53911227297,511
Alcohol use disorders,969113,142.901766761281,271.788638696051,109626.277391396,316
Opioid use disorders,381903,72.8,428.32,272048.6,108
Cocaine use disorders,35640,3.33333333333333,6,11880,10
Amphetamine use disorders,5490,1,6.83333333333333,1990,3
Cannabis use disorders,412580,82.9428571428572,305.458571428571,310832.928571429,152
Other drug use disorders,14376,5,1.63333333333333,2396,30
Diabetes mellitus type 1,2171026,1023.09701115239,842.896291043312,390784.566205707,1435
Diabetes mellitus type 2,23889086,5667.54094483624,2964.26222479363,7873813.92070915,8794
Chronic kidney disease due to diabetes mellitus type 1,241737,146.844013953188,339.559019996194,109287.68528195,220
Chronic kidney disease due to diabetes mellitus type 2,349989,146.881230781667,340.011466093786,109375.502366807,266
Chronic kidney disease due to hypertension,32358,4.00117508813161,5.86704819866568,401.925752672816,5
Chronic kidney disease due to glomerulonephritis,117797,272.593156979906,389.399637391922,73110.4562418834,338
Chronic kidney disease due to other and unspecified causes,50393,0.0170267618135917,0.844797536504217,42.4686065997961,20
Acute glomerulonephritis,117957,257.594332068038,345.817004004548,72664.0531739487,324
Atopic dermatitis,3513224,805.261018163594,470.11231293958,1491494.47313461,1281
Contact dermatitis,41548,2.00582625092231,7.53091860251956,123.429342890747,4
Seborrhoeic dermatitis,123195,12.0367737936332,3.03129494962961,746.952376127363,57
Psoriasis,2804102,1363.04339092889,461.207252757,536372.145579897,1970
Cellulitis,1365831,0.0304263853163128,6.93640424122025,9408.49346176791,27
Pyoderma,2071,0.00117508813160987,0.07458054297438,2.3245315809689,1
Scabies,232535,0.0861351293123146,3.1874145978605,1610.49269383283,18
Fungal skin diseases,891796,6.46501507416805,4.09161210741407,5534.60973226338,83
Viral skin diseases,232535,0.0861351293123146,3.1874145978605,1610.49269383283,18
Acne vulgaris,121202,129.372093005166,13.3461215422261,67420.1909484087,147
Alopecia areata,198504,390.689366652213,123.504812631897,134357.388142468,415
Pruritus,107251,0.438950613713755,6.01447494510589,539.462511459669,10
Urticaria,165744,28.0652588383345,65.9676216993922,56726.4403364692,52
Decubitus ulcer,146328,0.0132340022589073,1.46777848399451,150.367137275028,15
Other skin and subcutaneous diseases,2180960,8.39660366191082,45.5290977968621,19461.5601814574,271
Glaucoma,2827680,1278.66409451587,818.896995482379,389071.824670956,2429
Cataract,5156012,157.555566562034,51.4909562998093,968333.895063536,352
Age-related macular degeneration,1685650,387.007199359458,539.031943711867,399472.317091727,788
Refraction disorders,6601325,2405.66666666667,522.36171377642,5330780.89325185,2676
Near vision loss,793735,0.00441133408630243,0.959515582144438,685.325700130889,5
Other vision loss,194159,1.79661462459947,3.15005378812641,2157.05356353708,84
Age-related and other hearing loss,4228070,147.315039512501,204.255972218332,1538197.74518664,397
Other sense organ diseases,3603693,152.079380237584,204.039711703028,1543654.81456262,383
Rheumatoid arthritis,3629955,1726.09541366904,1380.03009477216,842142.161748494,3261
Osteoarthritis hip,13887036,565.114109238944,1689.36968314869,5844671.02263987,1649
Osteoarthritis knee,14249677,565.921596104093,1770.8758771711,5926212.74607741,1581
Osteoarthritis hand,12950288,461.131797505144,1671.35232888968,5710281.47016079,899
Osteoarthritis other,1560930,151.9823117338,417.20735425901,238128.452479076,837
Low back pain,3049484,89.057109921397,134.722650709593,949881.202072606,125
Neck pain,942733,2.33855372890831,7.48151172646156,178686.637315048,11
Gout,1931976,525.86539582401,1085.0143553069,273148.64355166,1420
Other musculoskeletal disorders,0,0,0,0,0
Neural tube defects,1178,3,3.89262400992166,66.3517958978339,3
Congenital heart anomalies,49136,100.00676151035,142.651755479437,17364.2357597867,178
Orofacial clefts,177369,923.583333333333,500.466666666667,89947.75,1828
Down syndrome,113966,0.0192201647902834,0.107395361705635,40.2592212115746,55
Turner syndrome,0,0,0,0,0
Klinefelter syndrome,0,0,0,0,0
Other chromosomal abnormalities,114594,62.3356835095966,180.234733225252,37797.154100696,189
Congenital musculoskeletal and limb anomalies,40940,0,0.610674110755416,37.0180495074158,0
Urogenital congenital anomalies,2599,20.0011750881316,29.5601526822779,1373.16381721843,21
Digestive congenital anomalies,568,13,6.2,568,13
Other congenital birth defects,2777,32.2511750881316,15.8326030399466,882.6384431984,34
Urinary tract infections and interstitial nephritis,1234447,12.3941929327833,72.5932163943915,28114.6666333384,97
Urolithiasis,1138191,216.76536118114,201.506088481283,129834.705624039,447
Benign prostatic hyperplasia,759587,24.8274486412668,22.0117799269232,21200.0241786141,149
Male infertility,160722,5.98504405629775,34.5666136718199,1599.82375137841,30
Other urinary diseases,1255418,2.05964247790373,9.04540394528903,2466.48484104889,52
Uterine fibroids,1583282,917.155538514546,109.358511480296,478371.953590379,1283
Polycystic ovarian syndrome,292882,112.479537661231,257.758979294149,93671.3994384536,147
Female infertility,204636,15.6809315180413,98.8555051642513,17238.0404820504,48
Endometriosis,2526648,536.218474149739,552.348952252959,1232843.29953799,1029
Genital prolapse,242055,159.756442441057,48.8396956492698,78160.2196498209,236
Premenstrual syndrome,1027,0.00117508813160987,0.117366612626121,1.058128714578,1
Other gynecological diseases,434734,4.67371719545633,12.8569868960002,6263.42529895417,34
Thalassemias,25999,0.0282707574352779,0.626152323690183,46.316057453072,16
Thalassemias trait,25999,0.0282707574352779,0.626152323690183,46.316057453072,16
Sickle cell disorders,17467,4.00917431192661,24.5855355743582,3526.51425805219,5
Sickle cell trait,17467,4.00917431192661,24.5855355743582,3526.51425805219,5
G6PD deficiency,0,0,0,0,0
G6PD trait,0,0,0,0,0
Other hemoglobinopathies and hemolytic anemias,14388,0.0486674896694672,0.57962582380752,12.1595776181668,28
Thyroid diseases,769068,17.6179931937047,23.7463822314401,8426.20999916878,396
"Other endocrine, metabolic, blood, and immune disorders",93164,0.0130347110041041,1.50368634169481,528.035992305298,11
Caries of deciduous teeth,657650,252.384355430204,117.253525191239,126200.301076723,381
Caries of permanent teeth,657721,254.384355430204,109.453525191239,123962.301076723,404
Periodontal diseases,1565784,227.095609443436,238.350832886859,1102417.91844746,246
Edentulism,683366,13.0172793097023,18.2432918946956,19475.8329933038,33
Other oral disorders,554838,0.284432879194168,3.29557053794312,5089.60176574816,11
Sudden infant death syndrome,0,0,0,0,0
